name	min_sharpe	mean_sharpe	mean_return	coverage	meets_target
hybrid c0.00 s10 w0.1 c5	0.0000	0.5911	0.0296	12.06%	False
hybrid c0.00 s10 w0.1 c10	-0.0542	-0.0493	-0.0041	12.06%	False
hybrid c0.00 s10 w0.2 c5	0.0000	0.5911	0.0296	12.06%	False
hybrid c0.00 s10 w0.2 c10	-0.0542	-0.0493	-0.0041	12.06%	False
hybrid c0.00 s10 w0.3 c5	0.0000	0.5911	0.0296	12.06%	False
hybrid c0.00 s10 w0.3 c10	-0.0542	-0.0493	-0.0041	12.06%	False
hybrid c0.00 s10 w0.4 c5	0.0000	0.5911	0.0296	12.06%	False
hybrid c0.00 s10 w0.4 c10	-0.0542	-0.0493	-0.0041	12.06%	False
hybrid c0.00 s10 w0.5 c5	0.0000	0.5911	0.0296	12.06%	False
hybrid c0.00 s10 w0.5 c10	-0.0542	-0.0493	-0.0041	12.06%	False
hybrid c0.00 s12 w0.1 c5	0.0000	0.6053	0.0306	12.06%	False
hybrid c0.00 s12 w0.1 c10	-0.0290	-0.0264	-0.0030	12.06%	False
hybrid c0.00 s12 w0.2 c5	0.0000	0.6053	0.0306	12.06%	False
hybrid c0.00 s12 w0.2 c10	-0.0290	-0.0264	-0.0030	12.06%	False
hybrid c0.00 s12 w0.3 c5	0.0000	0.6053	0.0306	12.06%	False
hybrid c0.00 s12 w0.3 c10	-0.0290	-0.0264	-0.0030	12.06%	False
hybrid c0.00 s12 w0.4 c5	0.0000	0.6053	0.0306	12.06%	False
hybrid c0.00 s12 w0.4 c10	-0.0290	-0.0264	-0.0030	12.06%	False
hybrid c0.00 s12 w0.5 c5	0.0000	0.6053	0.0306	12.06%	False
hybrid c0.00 s12 w0.5 c10	-0.0290	-0.0264	-0.0030	12.06%	False
hybrid c0.00 s14 w0.1 c5	0.0000	0.6186	0.0316	12.06%	False
hybrid c0.00 s14 w0.1 c10	-0.0069	-0.0063	-0.0020	12.06%	False
hybrid c0.00 s14 w0.2 c5	0.0000	0.6186	0.0316	12.06%	False
hybrid c0.00 s14 w0.2 c10	-0.0069	-0.0063	-0.0020	12.06%	False
hybrid c0.00 s14 w0.3 c5	0.0000	0.6186	0.0316	12.06%	False
hybrid c0.00 s14 w0.3 c10	-0.0069	-0.0063	-0.0020	12.06%	False
hybrid c0.00 s14 w0.4 c5	0.0000	0.6186	0.0316	12.06%	False
hybrid c0.00 s14 w0.4 c10	-0.0069	-0.0063	-0.0020	12.06%	False
hybrid c0.00 s14 w0.5 c5	0.0000	0.6186	0.0316	12.06%	False
hybrid c0.00 s14 w0.5 c10	-0.0069	-0.0063	-0.0020	12.06%	False
hybrid c0.00 s16 w0.1 c5	0.0000	0.6299	0.0323	12.06%	False
hybrid c0.00 s16 w0.1 c10	0.0000	0.0099	-0.0011	12.06%	False
hybrid c0.00 s16 w0.2 c5	0.0000	0.6299	0.0323	12.06%	False
hybrid c0.00 s16 w0.2 c10	0.0000	0.0099	-0.0011	12.06%	False
hybrid c0.00 s16 w0.3 c5	0.0000	0.6299	0.0323	12.06%	False
hybrid c0.00 s16 w0.3 c10	0.0000	0.0099	-0.0011	12.06%	False
hybrid c0.00 s16 w0.4 c5	0.0000	0.6299	0.0323	12.06%	False
hybrid c0.00 s16 w0.4 c10	0.0000	0.0099	-0.0011	12.06%	False
hybrid c0.00 s16 w0.5 c5	0.0000	0.6299	0.0323	12.06%	False
hybrid c0.00 s16 w0.5 c10	0.0000	0.0099	-0.0011	12.06%	False
hybrid c0.00 s18 w0.1 c5	0.0000	0.6182	0.0319	12.06%	False
hybrid c0.00 s18 w0.1 c10	0.0000	0.0050	-0.0014	12.06%	False
hybrid c0.00 s18 w0.2 c5	0.0000	0.6182	0.0319	12.06%	False
hybrid c0.00 s18 w0.2 c10	0.0000	0.0050	-0.0014	12.06%	False
hybrid c0.00 s18 w0.3 c5	0.0000	0.6182	0.0319	12.06%	False
hybrid c0.00 s18 w0.3 c10	0.0000	0.0050	-0.0014	12.06%	False
hybrid c0.00 s18 w0.4 c5	0.0000	0.6182	0.0319	12.06%	False
hybrid c0.00 s18 w0.4 c10	0.0000	0.0050	-0.0014	12.06%	False
hybrid c0.00 s18 w0.5 c5	0.0000	0.6182	0.0319	12.06%	False
hybrid c0.00 s18 w0.5 c10	0.0000	0.0050	-0.0014	12.06%	False
hybrid c0.00 s20 w0.1 c5	0.0000	0.5777	0.0298	12.06%	False
hybrid c0.00 s20 w0.1 c10	-0.0299	-0.0271	-0.0031	12.06%	False
hybrid c0.00 s20 w0.2 c5	0.0000	0.5777	0.0298	12.06%	False
hybrid c0.00 s20 w0.2 c10	-0.0299	-0.0271	-0.0031	12.06%	False
hybrid c0.00 s20 w0.3 c5	0.0000	0.5777	0.0298	12.06%	False
hybrid c0.00 s20 w0.3 c10	-0.0299	-0.0271	-0.0031	12.06%	False
hybrid c0.00 s20 w0.4 c5	0.0000	0.5777	0.0298	12.06%	False
hybrid c0.00 s20 w0.4 c10	-0.0299	-0.0271	-0.0031	12.06%	False
hybrid c0.00 s20 w0.5 c5	0.0000	0.5777	0.0298	12.06%	False
hybrid c0.00 s20 w0.5 c10	-0.0299	-0.0271	-0.0031	12.06%	False
hybrid c0.00 s22 w0.1 c5	0.0000	0.5468	0.0284	12.06%	False
hybrid c0.00 s22 w0.1 c10	-0.0554	-0.0503	-0.0044	12.06%	False
hybrid c0.00 s22 w0.2 c5	0.0000	0.5468	0.0284	12.06%	False
hybrid c0.00 s22 w0.2 c10	-0.0554	-0.0503	-0.0044	12.06%	False
hybrid c0.00 s22 w0.3 c5	0.0000	0.5468	0.0284	12.06%	False
hybrid c0.00 s22 w0.3 c10	-0.0554	-0.0503	-0.0044	12.06%	False
hybrid c0.00 s22 w0.4 c5	0.0000	0.5468	0.0284	12.06%	False
hybrid c0.00 s22 w0.4 c10	-0.0554	-0.0503	-0.0044	12.06%	False
hybrid c0.00 s22 w0.5 c5	0.0000	0.5468	0.0284	12.06%	False
hybrid c0.00 s22 w0.5 c10	-0.0554	-0.0503	-0.0044	12.06%	False
hybrid c0.00 s25 w0.1 c5	0.0000	0.5304	0.0279	12.06%	False
hybrid c0.00 s25 w0.1 c10	-0.0591	-0.0536	-0.0047	12.06%	False
hybrid c0.00 s25 w0.2 c5	0.0000	0.5304	0.0279	12.06%	False
hybrid c0.00 s25 w0.2 c10	-0.0591	-0.0536	-0.0047	12.06%	False
hybrid c0.00 s25 w0.3 c5	0.0000	0.5304	0.0279	12.06%	False
hybrid c0.00 s25 w0.3 c10	-0.0591	-0.0536	-0.0047	12.06%	False
hybrid c0.00 s25 w0.4 c5	0.0000	0.5304	0.0279	12.06%	False
hybrid c0.00 s25 w0.4 c10	-0.0591	-0.0536	-0.0047	12.06%	False
hybrid c0.00 s25 w0.5 c5	0.0000	0.5304	0.0279	12.06%	False
hybrid c0.00 s25 w0.5 c10	-0.0591	-0.0536	-0.0047	12.06%	False
hybrid c0.50 s10 w0.1 c5	0.0000	1.5454	0.1071	19.92%	False
hybrid c0.50 s10 w0.1 c10	0.0000	1.4589	0.1001	19.92%	False
hybrid c0.50 s10 w0.2 c5	0.0000	1.5329	0.1052	19.92%	False
hybrid c0.50 s10 w0.2 c10	0.0000	1.4386	0.0977	19.92%	False
hybrid c0.50 s10 w0.3 c5	0.0000	1.5186	0.1032	19.92%	False
hybrid c0.50 s10 w0.3 c10	0.0000	1.4149	0.0950	19.92%	False
hybrid c0.50 s10 w0.4 c5	0.0000	1.5028	0.1012	19.92%	False
hybrid c0.50 s10 w0.4 c10	0.0000	1.3885	0.0923	19.92%	False
hybrid c0.50 s10 w0.5 c5	0.0000	1.4859	0.0991	19.92%	False
hybrid c0.50 s10 w0.5 c10	0.0000	1.3602	0.0894	19.92%	False
hybrid c0.50 s12 w0.1 c5	0.0000	1.5463	0.1082	19.92%	False
hybrid c0.50 s12 w0.1 c10	0.0000	1.4665	0.1016	19.92%	False
hybrid c0.50 s12 w0.2 c5	0.0000	1.5336	0.1063	19.92%	False
hybrid c0.50 s12 w0.2 c10	0.0000	1.4457	0.0991	19.92%	False
hybrid c0.50 s12 w0.3 c5	0.0000	1.5192	0.1043	19.92%	False
hybrid c0.50 s12 w0.3 c10	0.0000	1.4217	0.0965	19.92%	False
hybrid c0.50 s12 w0.4 c5	0.0000	1.5033	0.1022	19.92%	False
hybrid c0.50 s12 w0.4 c10	0.0000	1.3950	0.0936	19.92%	False
hybrid c0.50 s12 w0.5 c5	0.0000	1.4862	0.1000	19.92%	False
hybrid c0.50 s12 w0.5 c10	0.0000	1.3665	0.0907	19.92%	False
hybrid c0.50 s14 w0.1 c5	0.0000	1.5545	0.1097	19.92%	False
hybrid c0.50 s14 w0.1 c10	0.0000	1.4801	0.1035	19.92%	False
hybrid c0.50 s14 w0.2 c5	0.0000	1.5416	0.1077	19.92%	False
hybrid c0.50 s14 w0.2 c10	0.0000	1.4590	0.1010	19.92%	False
hybrid c0.50 s14 w0.3 c5	0.0000	1.5270	0.1057	19.92%	False
hybrid c0.50 s14 w0.3 c10	0.0000	1.4347	0.0982	19.92%	False
hybrid c0.50 s14 w0.4 c5	0.0000	1.5108	0.1035	19.92%	False
hybrid c0.50 s14 w0.4 c10	0.0000	1.4077	0.0953	19.92%	False
hybrid c0.50 s14 w0.5 c5	0.0000	1.4936	0.1014	19.92%	False
hybrid c0.50 s14 w0.5 c10	0.0000	1.3789	0.0923	19.92%	False
hybrid c0.50 s16 w0.1 c5	0.0000	1.5807	0.1125	19.92%	False
hybrid c0.50 s16 w0.1 c10	0.0000	1.5107	0.1066	19.92%	False
hybrid c0.50 s16 w0.2 c5	0.0000	1.5674	0.1105	19.92%	False
hybrid c0.50 s16 w0.2 c10	0.0000	1.4891	0.1040	19.92%	False
hybrid c0.50 s16 w0.3 c5	0.0000	1.5525	0.1083	19.92%	False
hybrid c0.50 s16 w0.3 c10	0.0000	1.4645	0.1012	19.92%	False
hybrid c0.50 s16 w0.4 c5	0.0000	1.5361	0.1061	19.92%	False
hybrid c0.50 s16 w0.4 c10	0.0000	1.4372	0.0982	19.92%	False
hybrid c0.50 s16 w0.5 c5	0.0000	1.5186	0.1039	19.92%	False
hybrid c0.50 s16 w0.5 c10	0.0000	1.4081	0.0951	19.92%	False
hybrid c0.50 s18 w0.1 c5	0.0000	1.5821	0.1135	19.92%	False
hybrid c0.50 s18 w0.1 c10	0.0000	1.5171	0.1080	19.92%	False
hybrid c0.50 s18 w0.2 c5	0.0000	1.5680	0.1114	19.92%	False
hybrid c0.50 s18 w0.2 c10	0.0000	1.4945	0.1053	19.92%	False
hybrid c0.50 s18 w0.3 c5	0.0000	1.5524	0.1092	19.92%	False
hybrid c0.50 s18 w0.3 c10	0.0000	1.4690	0.1024	19.92%	False
hybrid c0.50 s18 w0.4 c5	0.0000	1.5354	0.1070	19.92%	False
hybrid c0.50 s18 w0.4 c10	0.0000	1.4411	0.0993	19.92%	False
hybrid c0.50 s18 w0.5 c5	0.0000	1.5174	0.1047	19.92%	False
hybrid c0.50 s18 w0.5 c10	0.0000	1.4115	0.0962	19.92%	False
hybrid c0.50 s20 w0.1 c5	0.0000	1.5488	0.1119	19.92%	False
hybrid c0.50 s20 w0.1 c10	0.0000	1.4881	0.1067	19.92%	False
hybrid c0.50 s20 w0.2 c5	0.0000	1.5341	0.1097	19.92%	False
hybrid c0.50 s20 w0.2 c10	0.0000	1.4647	0.1039	19.92%	False
hybrid c0.50 s20 w0.3 c5	0.0000	1.5178	0.1074	19.92%	False
hybrid c0.50 s20 w0.3 c10	0.0000	1.4384	0.1009	19.92%	False
hybrid c0.50 s20 w0.4 c5	0.0000	1.5002	0.1051	19.92%	False
hybrid c0.50 s20 w0.4 c10	0.0000	1.4098	0.0978	19.92%	False
hybrid c0.50 s20 w0.5 c5	0.0000	1.4816	0.1028	19.92%	False
hybrid c0.50 s20 w0.5 c10	0.0000	1.3797	0.0946	19.92%	False
hybrid c0.50 s22 w0.1 c5	0.0000	1.5087	0.1095	19.92%	False
hybrid c0.50 s22 w0.1 c10	0.0000	1.4522	0.1047	19.92%	False
hybrid c0.50 s22 w0.2 c5	0.0000	1.4935	0.1074	19.92%	False
hybrid c0.50 s22 w0.2 c10	0.0000	1.4280	0.1018	19.92%	False
hybrid c0.50 s22 w0.3 c5	0.0000	1.4768	0.1051	19.92%	False
hybrid c0.50 s22 w0.3 c10	0.0000	1.4012	0.0988	19.92%	False
hybrid c0.50 s22 w0.4 c5	0.0000	1.4588	0.1028	19.92%	False
hybrid c0.50 s22 w0.4 c10	0.0000	1.3721	0.0957	19.92%	False
hybrid c0.50 s22 w0.5 c5	0.0000	1.4398	0.1004	19.92%	False
hybrid c0.50 s22 w0.5 c10	0.0000	1.3415	0.0925	19.92%	False
hybrid c0.50 s25 w0.1 c5	0.0000	1.4907	0.1099	19.92%	False
hybrid c0.50 s25 w0.1 c10	0.0000	1.4394	0.1054	19.92%	False
hybrid c0.50 s25 w0.2 c5	0.0000	1.4750	0.1077	19.92%	False
hybrid c0.50 s25 w0.2 c10	0.0000	1.4147	0.1025	19.92%	False
hybrid c0.50 s25 w0.3 c5	0.0000	1.4578	0.1053	19.92%	False
hybrid c0.50 s25 w0.3 c10	0.0000	1.3875	0.0994	19.92%	False
hybrid c0.50 s25 w0.4 c5	0.0000	1.4395	0.1030	19.92%	False
hybrid c0.50 s25 w0.4 c10	0.0000	1.3581	0.0962	19.92%	False
hybrid c0.50 s25 w0.5 c5	0.0000	1.4202	0.1006	19.92%	False
hybrid c0.50 s25 w0.5 c10	0.0000	1.3273	0.0929	19.92%	False
hybrid c0.80 s10 w0.1 c5	0.0000	1.1510	0.0708	16.35%	False
hybrid c0.80 s10 w0.1 c10	0.0000	0.7863	0.0463	16.35%	False
hybrid c0.80 s10 w0.2 c5	0.0000	1.1467	0.0703	16.35%	False
hybrid c0.80 s10 w0.2 c10	0.0000	0.7796	0.0457	16.35%	False
hybrid c0.80 s10 w0.3 c5	0.0000	1.1419	0.0697	16.35%	False
hybrid c0.80 s10 w0.3 c10	0.0000	0.7721	0.0450	16.35%	False
hybrid c0.80 s10 w0.4 c5	0.0000	1.1366	0.0691	16.35%	False
hybrid c0.80 s10 w0.4 c10	0.0000	0.7637	0.0443	16.35%	False
hybrid c0.80 s10 w0.5 c5	0.0000	1.1310	0.0684	16.35%	False
hybrid c0.80 s10 w0.5 c10	0.0000	0.7545	0.0436	16.35%	False
hybrid c0.80 s12 w0.1 c5	0.0000	1.1542	0.0717	16.35%	False
hybrid c0.80 s12 w0.1 c10	0.0000	0.7971	0.0474	16.35%	False
hybrid c0.80 s12 w0.2 c5	0.0000	1.1499	0.0712	16.35%	False
hybrid c0.80 s12 w0.2 c10	0.0000	0.7904	0.0468	16.35%	False
hybrid c0.80 s12 w0.3 c5	0.0000	1.1453	0.0706	16.35%	False
hybrid c0.80 s12 w0.3 c10	0.0000	0.7830	0.0461	16.35%	False
hybrid c0.80 s12 w0.4 c5	0.0000	1.1401	0.0700	16.35%	False
hybrid c0.80 s12 w0.4 c10	0.0000	0.7745	0.0454	16.35%	False
hybrid c0.80 s12 w0.5 c5	0.0000	1.1346	0.0693	16.35%	False
hybrid c0.80 s12 w0.5 c10	0.0000	0.7655	0.0447	16.35%	False
hybrid c0.80 s14 w0.1 c5	0.0000	1.1558	0.0724	16.35%	False
hybrid c0.80 s14 w0.1 c10	0.0000	0.8048	0.0482	16.35%	False
hybrid c0.80 s14 w0.2 c5	0.0000	1.1516	0.0718	16.35%	False
hybrid c0.80 s14 w0.2 c10	0.0000	0.7980	0.0476	16.35%	False
hybrid c0.80 s14 w0.3 c5	0.0000	1.1470	0.0712	16.35%	False
hybrid c0.80 s14 w0.3 c10	0.0000	0.7906	0.0470	16.35%	False
hybrid c0.80 s14 w0.4 c5	0.0000	1.1419	0.0706	16.35%	False
hybrid c0.80 s14 w0.4 c10	0.0000	0.7822	0.0462	16.35%	False
hybrid c0.80 s14 w0.5 c5	0.0000	1.1365	0.0699	16.35%	False
hybrid c0.80 s14 w0.5 c10	0.0000	0.7733	0.0455	16.35%	False
hybrid c0.80 s16 w0.1 c5	0.0000	1.1791	0.0744	16.35%	False
hybrid c0.80 s16 w0.1 c10	0.0000	0.8329	0.0504	16.35%	False
hybrid c0.80 s16 w0.2 c5	0.0000	1.1748	0.0738	16.35%	False
hybrid c0.80 s16 w0.2 c10	0.0000	0.8262	0.0498	16.35%	False
hybrid c0.80 s16 w0.3 c5	0.0000	1.1702	0.0732	16.35%	False
hybrid c0.80 s16 w0.3 c10	0.0000	0.8187	0.0491	16.35%	False
hybrid c0.80 s16 w0.4 c5	0.0000	1.1650	0.0726	16.35%	False
hybrid c0.80 s16 w0.4 c10	0.0000	0.8102	0.0483	16.35%	False
hybrid c0.80 s16 w0.5 c5	0.0000	1.1594	0.0719	16.35%	False
hybrid c0.80 s16 w0.5 c10	0.0000	0.8010	0.0476	16.35%	False
hybrid c0.80 s18 w0.1 c5	0.0000	1.1674	0.0741	16.35%	False
hybrid c0.80 s18 w0.1 c10	0.0000	0.8277	0.0504	16.35%	False
hybrid c0.80 s18 w0.2 c5	0.0000	1.1629	0.0735	16.35%	False
hybrid c0.80 s18 w0.2 c10	0.0000	0.8205	0.0497	16.35%	False
hybrid c0.80 s18 w0.3 c5	0.0000	1.1581	0.0729	16.35%	False
hybrid c0.80 s18 w0.3 c10	0.0000	0.8127	0.0490	16.35%	False
hybrid c0.80 s18 w0.4 c5	0.0000	1.1527	0.0722	16.35%	False
hybrid c0.80 s18 w0.4 c10	0.0000	0.8040	0.0483	16.35%	False
hybrid c0.80 s18 w0.5 c5	0.0000	1.1471	0.0716	16.35%	False
hybrid c0.80 s18 w0.5 c10	0.0000	0.7947	0.0475	16.35%	False
hybrid c0.80 s20 w0.1 c5	0.0000	1.1216	0.0715	16.35%	False
hybrid c0.80 s20 w0.1 c10	0.0000	0.7883	0.0481	16.35%	False
hybrid c0.80 s20 w0.2 c5	0.0000	1.1169	0.0709	16.35%	False
hybrid c0.80 s20 w0.2 c10	0.0000	0.7807	0.0475	16.35%	False
hybrid c0.80 s20 w0.3 c5	0.0000	1.1118	0.0703	16.35%	False
hybrid c0.80 s20 w0.3 c10	0.0000	0.7726	0.0467	16.35%	False
hybrid c0.80 s20 w0.4 c5	0.0000	1.1063	0.0696	16.35%	False
hybrid c0.80 s20 w0.4 c10	0.0000	0.7637	0.0460	16.35%	False
hybrid c0.80 s20 w0.5 c5	0.0000	1.1005	0.0689	16.35%	False
hybrid c0.80 s20 w0.5 c10	0.0000	0.7542	0.0452	16.35%	False
hybrid c0.80 s22 w0.1 c5	0.0000	1.0735	0.0687	16.35%	False
hybrid c0.80 s22 w0.1 c10	0.0000	0.7463	0.0457	16.35%	False
hybrid c0.80 s22 w0.2 c5	0.0000	1.0688	0.0681	16.35%	False
hybrid c0.80 s22 w0.2 c10	0.0000	0.7387	0.0450	16.35%	False
hybrid c0.80 s22 w0.3 c5	0.0000	1.0638	0.0675	16.35%	False
hybrid c0.80 s22 w0.3 c10	0.0000	0.7305	0.0443	16.35%	False
hybrid c0.80 s22 w0.4 c5	0.0000	1.0584	0.0668	16.35%	False
hybrid c0.80 s22 w0.4 c10	0.0000	0.7215	0.0435	16.35%	False
hybrid c0.80 s22 w0.5 c5	0.0000	1.0527	0.0662	16.35%	False
hybrid c0.80 s22 w0.5 c10	0.0000	0.7121	0.0428	16.35%	False
hybrid c0.80 s25 w0.1 c5	0.0000	1.0405	0.0674	16.35%	False
hybrid c0.80 s25 w0.1 c10	0.0000	0.7221	0.0448	16.35%	False
hybrid c0.80 s25 w0.2 c5	0.0000	1.0359	0.0669	16.35%	False
hybrid c0.80 s25 w0.2 c10	0.0000	0.7146	0.0441	16.35%	False
hybrid c0.80 s25 w0.3 c5	0.0000	1.0310	0.0663	16.35%	False
hybrid c0.80 s25 w0.3 c10	0.0000	0.7066	0.0434	16.35%	False
hybrid c0.80 s25 w0.4 c5	0.0000	1.0257	0.0656	16.35%	False
hybrid c0.80 s25 w0.4 c10	0.0000	0.6978	0.0426	16.35%	False
hybrid c0.80 s25 w0.5 c5	0.0000	1.0201	0.0650	16.35%	False
hybrid c0.80 s25 w0.5 c10	0.0000	0.6886	0.0419	16.35%	False
hybrid c0.90 s10 w0.1 c5	0.0000	0.5472	0.0276	12.59%	False
hybrid c0.90 s10 w0.1 c10	-0.0729	-0.0662	-0.0050	12.59%	False
hybrid c0.90 s10 w0.2 c5	0.0000	0.5477	0.0276	12.59%	False
hybrid c0.90 s10 w0.2 c10	-0.0725	-0.0659	-0.0050	12.59%	False
hybrid c0.90 s10 w0.3 c5	0.0000	0.5482	0.0276	12.59%	False
hybrid c0.90 s10 w0.3 c10	-0.0721	-0.0655	-0.0050	12.59%	False
hybrid c0.90 s10 w0.4 c5	0.0000	0.5486	0.0277	12.59%	False
hybrid c0.90 s10 w0.4 c10	-0.0717	-0.0651	-0.0050	12.59%	False
hybrid c0.90 s10 w0.5 c5	0.0000	0.5491	0.0277	12.59%	False
hybrid c0.90 s10 w0.5 c10	-0.0713	-0.0648	-0.0050	12.59%	False
hybrid c0.90 s12 w0.1 c5	0.0000	0.5614	0.0286	12.59%	False
hybrid c0.90 s12 w0.1 c10	-0.0480	-0.0436	-0.0039	12.59%	False
hybrid c0.90 s12 w0.2 c5	0.0000	0.5618	0.0286	12.59%	False
hybrid c0.90 s12 w0.2 c10	-0.0476	-0.0432	-0.0039	12.59%	False
hybrid c0.90 s12 w0.3 c5	0.0000	0.5623	0.0287	12.59%	False
hybrid c0.90 s12 w0.3 c10	-0.0472	-0.0428	-0.0039	12.59%	False
hybrid c0.90 s12 w0.4 c5	0.0000	0.5628	0.0287	12.59%	False
hybrid c0.90 s12 w0.4 c10	-0.0467	-0.0425	-0.0039	12.59%	False
hybrid c0.90 s12 w0.5 c5	0.0000	0.5633	0.0287	12.59%	False
hybrid c0.90 s12 w0.5 c10	-0.0464	-0.0421	-0.0038	12.59%	False
hybrid c0.90 s14 w0.1 c5	0.0000	0.5715	0.0294	12.59%	False
hybrid c0.90 s14 w0.1 c10	-0.0297	-0.0270	-0.0031	12.59%	False
hybrid c0.90 s14 w0.2 c5	0.0000	0.5720	0.0294	12.59%	False
hybrid c0.90 s14 w0.2 c10	-0.0293	-0.0266	-0.0031	12.59%	False
hybrid c0.90 s14 w0.3 c5	0.0000	0.5725	0.0294	12.59%	False
hybrid c0.90 s14 w0.3 c10	-0.0289	-0.0262	-0.0031	12.59%	False
hybrid c0.90 s14 w0.4 c5	0.0000	0.5730	0.0294	12.59%	False
hybrid c0.90 s14 w0.4 c10	-0.0285	-0.0259	-0.0030	12.59%	False
hybrid c0.90 s14 w0.5 c5	0.0000	0.5734	0.0295	12.59%	False
hybrid c0.90 s14 w0.5 c10	-0.0281	-0.0255	-0.0030	12.59%	False
hybrid c0.90 s16 w0.1 c5	0.0000	0.5858	0.0303	12.59%	False
hybrid c0.90 s16 w0.1 c10	-0.0081	-0.0074	-0.0021	12.59%	False
hybrid c0.90 s16 w0.2 c5	0.0000	0.5862	0.0303	12.59%	False
hybrid c0.90 s16 w0.2 c10	-0.0078	-0.0070	-0.0021	12.59%	False
hybrid c0.90 s16 w0.3 c5	0.0000	0.5867	0.0303	12.59%	False
hybrid c0.90 s16 w0.3 c10	-0.0074	-0.0067	-0.0021	12.59%	False
hybrid c0.90 s16 w0.4 c5	0.0000	0.5871	0.0304	12.59%	False
hybrid c0.90 s16 w0.4 c10	-0.0070	-0.0064	-0.0020	12.59%	False
hybrid c0.90 s16 w0.5 c5	0.0000	0.5876	0.0304	12.59%	False
hybrid c0.90 s16 w0.5 c10	-0.0067	-0.0060	-0.0020	12.59%	False
hybrid c0.90 s18 w0.1 c5	0.0000	0.5669	0.0294	12.59%	False
hybrid c0.90 s18 w0.1 c10	-0.0216	-0.0196	-0.0028	12.59%	False
hybrid c0.90 s18 w0.2 c5	0.0000	0.5674	0.0294	12.59%	False
hybrid c0.90 s18 w0.2 c10	-0.0211	-0.0192	-0.0027	12.59%	False
hybrid c0.90 s18 w0.3 c5	0.0000	0.5679	0.0295	12.59%	False
hybrid c0.90 s18 w0.3 c10	-0.0207	-0.0188	-0.0027	12.59%	False
hybrid c0.90 s18 w0.4 c5	0.0000	0.5684	0.0295	12.59%	False
hybrid c0.90 s18 w0.4 c10	-0.0203	-0.0184	-0.0027	12.59%	False
hybrid c0.90 s18 w0.5 c5	0.0000	0.5689	0.0295	12.59%	False
hybrid c0.90 s18 w0.5 c10	-0.0199	-0.0181	-0.0027	12.59%	False
hybrid c0.90 s20 w0.1 c5	0.0000	0.5193	0.0269	12.59%	False
hybrid c0.90 s20 w0.1 c10	-0.0647	-0.0588	-0.0049	12.59%	False
hybrid c0.90 s20 w0.2 c5	0.0000	0.5199	0.0270	12.59%	False
hybrid c0.90 s20 w0.2 c10	-0.0643	-0.0584	-0.0049	12.59%	False
hybrid c0.90 s20 w0.3 c5	0.0000	0.5204	0.0270	12.59%	False
hybrid c0.90 s20 w0.3 c10	-0.0638	-0.0580	-0.0048	12.59%	False
hybrid c0.90 s20 w0.4 c5	0.0000	0.5210	0.0270	12.59%	False
hybrid c0.90 s20 w0.4 c10	-0.0634	-0.0576	-0.0048	12.59%	False
hybrid c0.90 s20 w0.5 c5	0.0000	0.5215	0.0270	12.59%	False
hybrid c0.90 s20 w0.5 c10	-0.0630	-0.0572	-0.0048	12.59%	False
hybrid c0.90 s22 w0.1 c5	0.0000	0.4829	0.0251	12.59%	False
hybrid c0.90 s22 w0.1 c10	-0.0968	-0.0880	-0.0065	12.59%	False
hybrid c0.90 s22 w0.2 c5	0.0000	0.4835	0.0251	12.59%	False
hybrid c0.90 s22 w0.2 c10	-0.0964	-0.0875	-0.0065	12.59%	False
hybrid c0.90 s22 w0.3 c5	0.0000	0.4841	0.0251	12.59%	False
hybrid c0.90 s22 w0.3 c10	-0.0959	-0.0871	-0.0064	12.59%	False
hybrid c0.90 s22 w0.4 c5	0.0000	0.4846	0.0252	12.59%	False
hybrid c0.90 s22 w0.4 c10	-0.0955	-0.0867	-0.0064	12.59%	False
hybrid c0.90 s22 w0.5 c5	0.0000	0.4852	0.0252	12.59%	False
hybrid c0.90 s22 w0.5 c10	-0.0950	-0.0863	-0.0064	12.59%	False
hybrid c0.90 s25 w0.1 c5	0.0000	0.4625	0.0243	12.59%	False
hybrid c0.90 s25 w0.1 c10	-0.1051	-0.0955	-0.0070	12.59%	False
hybrid c0.90 s25 w0.2 c5	0.0000	0.4631	0.0243	12.59%	False
hybrid c0.90 s25 w0.2 c10	-0.1046	-0.0950	-0.0070	12.59%	False
hybrid c0.90 s25 w0.3 c5	0.0000	0.4637	0.0244	12.59%	False
hybrid c0.90 s25 w0.3 c10	-0.1042	-0.0946	-0.0070	12.59%	False
hybrid c0.90 s25 w0.4 c5	0.0000	0.4643	0.0244	12.59%	False
hybrid c0.90 s25 w0.4 c10	-0.1037	-0.0942	-0.0070	12.59%	False
hybrid c0.90 s25 w0.5 c5	0.0000	0.4648	0.0244	12.59%	False
hybrid c0.90 s25 w0.5 c10	-0.1032	-0.0938	-0.0069	12.59%	False
hybrid c0.95 s10 w0.1 c5	0.0000	0.5911	0.0296	12.06%	False
hybrid c0.95 s10 w0.1 c10	-0.0542	-0.0493	-0.0041	12.06%	False
hybrid c0.95 s10 w0.2 c5	0.0000	0.5911	0.0296	12.06%	False
hybrid c0.95 s10 w0.2 c10	-0.0542	-0.0493	-0.0041	12.06%	False
hybrid c0.95 s10 w0.3 c5	0.0000	0.5911	0.0296	12.06%	False
hybrid c0.95 s10 w0.3 c10	-0.0542	-0.0493	-0.0041	12.06%	False
hybrid c0.95 s10 w0.4 c5	0.0000	0.5911	0.0296	12.06%	False
hybrid c0.95 s10 w0.4 c10	-0.0542	-0.0493	-0.0041	12.06%	False
hybrid c0.95 s10 w0.5 c5	0.0000	0.5911	0.0296	12.06%	False
hybrid c0.95 s10 w0.5 c10	-0.0542	-0.0493	-0.0041	12.06%	False
hybrid c0.95 s12 w0.1 c5	0.0000	0.6053	0.0306	12.06%	False
hybrid c0.95 s12 w0.1 c10	-0.0290	-0.0264	-0.0030	12.06%	False
hybrid c0.95 s12 w0.2 c5	0.0000	0.6053	0.0306	12.06%	False
hybrid c0.95 s12 w0.2 c10	-0.0290	-0.0264	-0.0030	12.06%	False
hybrid c0.95 s12 w0.3 c5	0.0000	0.6053	0.0306	12.06%	False
hybrid c0.95 s12 w0.3 c10	-0.0290	-0.0264	-0.0030	12.06%	False
hybrid c0.95 s12 w0.4 c5	0.0000	0.6053	0.0306	12.06%	False
hybrid c0.95 s12 w0.4 c10	-0.0290	-0.0264	-0.0030	12.06%	False
hybrid c0.95 s12 w0.5 c5	0.0000	0.6053	0.0306	12.06%	False
hybrid c0.95 s12 w0.5 c10	-0.0290	-0.0264	-0.0030	12.06%	False
hybrid c0.95 s14 w0.1 c5	0.0000	0.6186	0.0316	12.06%	False
hybrid c0.95 s14 w0.1 c10	-0.0069	-0.0063	-0.0020	12.06%	False
hybrid c0.95 s14 w0.2 c5	0.0000	0.6186	0.0316	12.06%	False
hybrid c0.95 s14 w0.2 c10	-0.0069	-0.0063	-0.0020	12.06%	False
hybrid c0.95 s14 w0.3 c5	0.0000	0.6186	0.0316	12.06%	False
hybrid c0.95 s14 w0.3 c10	-0.0069	-0.0063	-0.0020	12.06%	False
hybrid c0.95 s14 w0.4 c5	0.0000	0.6186	0.0316	12.06%	False
hybrid c0.95 s14 w0.4 c10	-0.0069	-0.0063	-0.0020	12.06%	False
hybrid c0.95 s14 w0.5 c5	0.0000	0.6186	0.0316	12.06%	False
hybrid c0.95 s14 w0.5 c10	-0.0069	-0.0063	-0.0020	12.06%	False
hybrid c0.95 s16 w0.1 c5	0.0000	0.6299	0.0323	12.06%	False
hybrid c0.95 s16 w0.1 c10	0.0000	0.0099	-0.0011	12.06%	False
hybrid c0.95 s16 w0.2 c5	0.0000	0.6299	0.0323	12.06%	False
hybrid c0.95 s16 w0.2 c10	0.0000	0.0099	-0.0011	12.06%	False
hybrid c0.95 s16 w0.3 c5	0.0000	0.6299	0.0323	12.06%	False
hybrid c0.95 s16 w0.3 c10	0.0000	0.0099	-0.0011	12.06%	False
hybrid c0.95 s16 w0.4 c5	0.0000	0.6299	0.0323	12.06%	False
hybrid c0.95 s16 w0.4 c10	0.0000	0.0099	-0.0011	12.06%	False
hybrid c0.95 s16 w0.5 c5	0.0000	0.6299	0.0323	12.06%	False
hybrid c0.95 s16 w0.5 c10	0.0000	0.0099	-0.0011	12.06%	False
hybrid c0.95 s18 w0.1 c5	0.0000	0.6182	0.0319	12.06%	False
hybrid c0.95 s18 w0.1 c10	0.0000	0.0050	-0.0014	12.06%	False
hybrid c0.95 s18 w0.2 c5	0.0000	0.6182	0.0319	12.06%	False
hybrid c0.95 s18 w0.2 c10	0.0000	0.0050	-0.0014	12.06%	False
hybrid c0.95 s18 w0.3 c5	0.0000	0.6182	0.0319	12.06%	False
hybrid c0.95 s18 w0.3 c10	0.0000	0.0050	-0.0014	12.06%	False
hybrid c0.95 s18 w0.4 c5	0.0000	0.6182	0.0319	12.06%	False
hybrid c0.95 s18 w0.4 c10	0.0000	0.0050	-0.0014	12.06%	False
hybrid c0.95 s18 w0.5 c5	0.0000	0.6182	0.0319	12.06%	False
hybrid c0.95 s18 w0.5 c10	0.0000	0.0050	-0.0014	12.06%	False
hybrid c0.95 s20 w0.1 c5	0.0000	0.5777	0.0298	12.06%	False
hybrid c0.95 s20 w0.1 c10	-0.0299	-0.0271	-0.0031	12.06%	False
hybrid c0.95 s20 w0.2 c5	0.0000	0.5777	0.0298	12.06%	False
hybrid c0.95 s20 w0.2 c10	-0.0299	-0.0271	-0.0031	12.06%	False
hybrid c0.95 s20 w0.3 c5	0.0000	0.5777	0.0298	12.06%	False
hybrid c0.95 s20 w0.3 c10	-0.0299	-0.0271	-0.0031	12.06%	False
hybrid c0.95 s20 w0.4 c5	0.0000	0.5777	0.0298	12.06%	False
hybrid c0.95 s20 w0.4 c10	-0.0299	-0.0271	-0.0031	12.06%	False
hybrid c0.95 s20 w0.5 c5	0.0000	0.5777	0.0298	12.06%	False
hybrid c0.95 s20 w0.5 c10	-0.0299	-0.0271	-0.0031	12.06%	False
hybrid c0.95 s22 w0.1 c5	0.0000	0.5468	0.0284	12.06%	False
hybrid c0.95 s22 w0.1 c10	-0.0554	-0.0503	-0.0044	12.06%	False
hybrid c0.95 s22 w0.2 c5	0.0000	0.5468	0.0284	12.06%	False
hybrid c0.95 s22 w0.2 c10	-0.0554	-0.0503	-0.0044	12.06%	False
hybrid c0.95 s22 w0.3 c5	0.0000	0.5468	0.0284	12.06%	False
hybrid c0.95 s22 w0.3 c10	-0.0554	-0.0503	-0.0044	12.06%	False
hybrid c0.95 s22 w0.4 c5	0.0000	0.5468	0.0284	12.06%	False
hybrid c0.95 s22 w0.4 c10	-0.0554	-0.0503	-0.0044	12.06%	False
hybrid c0.95 s22 w0.5 c5	0.0000	0.5468	0.0284	12.06%	False
hybrid c0.95 s22 w0.5 c10	-0.0554	-0.0503	-0.0044	12.06%	False
hybrid c0.95 s25 w0.1 c5	0.0000	0.5304	0.0279	12.06%	False
hybrid c0.95 s25 w0.1 c10	-0.0591	-0.0536	-0.0047	12.06%	False
hybrid c0.95 s25 w0.2 c5	0.0000	0.5304	0.0279	12.06%	False
hybrid c0.95 s25 w0.2 c10	-0.0591	-0.0536	-0.0047	12.06%	False
hybrid c0.95 s25 w0.3 c5	0.0000	0.5304	0.0279	12.06%	False
hybrid c0.95 s25 w0.3 c10	-0.0591	-0.0536	-0.0047	12.06%	False
hybrid c0.95 s25 w0.4 c5	0.0000	0.5304	0.0279	12.06%	False
hybrid c0.95 s25 w0.4 c10	-0.0591	-0.0536	-0.0047	12.06%	False
hybrid c0.95 s25 w0.5 c5	0.0000	0.5304	0.0279	12.06%	False
hybrid c0.95 s25 w0.5 c10	-0.0591	-0.0536	-0.0047	12.06%	False
hybrid c1.00 s10 w0.1 c5	0.0000	0.5911	0.0296	12.06%	False
hybrid c1.00 s10 w0.1 c10	-0.0542	-0.0493	-0.0041	12.06%	False
hybrid c1.00 s10 w0.2 c5	0.0000	0.5911	0.0296	12.06%	False
hybrid c1.00 s10 w0.2 c10	-0.0542	-0.0493	-0.0041	12.06%	False
hybrid c1.00 s10 w0.3 c5	0.0000	0.5911	0.0296	12.06%	False
hybrid c1.00 s10 w0.3 c10	-0.0542	-0.0493	-0.0041	12.06%	False
hybrid c1.00 s10 w0.4 c5	0.0000	0.5911	0.0296	12.06%	False
hybrid c1.00 s10 w0.4 c10	-0.0542	-0.0493	-0.0041	12.06%	False
hybrid c1.00 s10 w0.5 c5	0.0000	0.5911	0.0296	12.06%	False
hybrid c1.00 s10 w0.5 c10	-0.0542	-0.0493	-0.0041	12.06%	False
hybrid c1.00 s12 w0.1 c5	0.0000	0.6053	0.0306	12.06%	False
hybrid c1.00 s12 w0.1 c10	-0.0290	-0.0264	-0.0030	12.06%	False
hybrid c1.00 s12 w0.2 c5	0.0000	0.6053	0.0306	12.06%	False
hybrid c1.00 s12 w0.2 c10	-0.0290	-0.0264	-0.0030	12.06%	False
hybrid c1.00 s12 w0.3 c5	0.0000	0.6053	0.0306	12.06%	False
hybrid c1.00 s12 w0.3 c10	-0.0290	-0.0264	-0.0030	12.06%	False
hybrid c1.00 s12 w0.4 c5	0.0000	0.6053	0.0306	12.06%	False
hybrid c1.00 s12 w0.4 c10	-0.0290	-0.0264	-0.0030	12.06%	False
hybrid c1.00 s12 w0.5 c5	0.0000	0.6053	0.0306	12.06%	False
hybrid c1.00 s12 w0.5 c10	-0.0290	-0.0264	-0.0030	12.06%	False
hybrid c1.00 s14 w0.1 c5	0.0000	0.6186	0.0316	12.06%	False
hybrid c1.00 s14 w0.1 c10	-0.0069	-0.0063	-0.0020	12.06%	False
hybrid c1.00 s14 w0.2 c5	0.0000	0.6186	0.0316	12.06%	False
hybrid c1.00 s14 w0.2 c10	-0.0069	-0.0063	-0.0020	12.06%	False
hybrid c1.00 s14 w0.3 c5	0.0000	0.6186	0.0316	12.06%	False
hybrid c1.00 s14 w0.3 c10	-0.0069	-0.0063	-0.0020	12.06%	False
hybrid c1.00 s14 w0.4 c5	0.0000	0.6186	0.0316	12.06%	False
hybrid c1.00 s14 w0.4 c10	-0.0069	-0.0063	-0.0020	12.06%	False
hybrid c1.00 s14 w0.5 c5	0.0000	0.6186	0.0316	12.06%	False
hybrid c1.00 s14 w0.5 c10	-0.0069	-0.0063	-0.0020	12.06%	False
hybrid c1.00 s16 w0.1 c5	0.0000	0.6299	0.0323	12.06%	False
hybrid c1.00 s16 w0.1 c10	0.0000	0.0099	-0.0011	12.06%	False
hybrid c1.00 s16 w0.2 c5	0.0000	0.6299	0.0323	12.06%	False
hybrid c1.00 s16 w0.2 c10	0.0000	0.0099	-0.0011	12.06%	False
hybrid c1.00 s16 w0.3 c5	0.0000	0.6299	0.0323	12.06%	False
hybrid c1.00 s16 w0.3 c10	0.0000	0.0099	-0.0011	12.06%	False
hybrid c1.00 s16 w0.4 c5	0.0000	0.6299	0.0323	12.06%	False
hybrid c1.00 s16 w0.4 c10	0.0000	0.0099	-0.0011	12.06%	False
hybrid c1.00 s16 w0.5 c5	0.0000	0.6299	0.0323	12.06%	False
hybrid c1.00 s16 w0.5 c10	0.0000	0.0099	-0.0011	12.06%	False
hybrid c1.00 s18 w0.1 c5	0.0000	0.6182	0.0319	12.06%	False
hybrid c1.00 s18 w0.1 c10	0.0000	0.0050	-0.0014	12.06%	False
hybrid c1.00 s18 w0.2 c5	0.0000	0.6182	0.0319	12.06%	False
hybrid c1.00 s18 w0.2 c10	0.0000	0.0050	-0.0014	12.06%	False
hybrid c1.00 s18 w0.3 c5	0.0000	0.6182	0.0319	12.06%	False
hybrid c1.00 s18 w0.3 c10	0.0000	0.0050	-0.0014	12.06%	False
hybrid c1.00 s18 w0.4 c5	0.0000	0.6182	0.0319	12.06%	False
hybrid c1.00 s18 w0.4 c10	0.0000	0.0050	-0.0014	12.06%	False
hybrid c1.00 s18 w0.5 c5	0.0000	0.6182	0.0319	12.06%	False
hybrid c1.00 s18 w0.5 c10	0.0000	0.0050	-0.0014	12.06%	False
hybrid c1.00 s20 w0.1 c5	0.0000	0.5777	0.0298	12.06%	False
hybrid c1.00 s20 w0.1 c10	-0.0299	-0.0271	-0.0031	12.06%	False
hybrid c1.00 s20 w0.2 c5	0.0000	0.5777	0.0298	12.06%	False
hybrid c1.00 s20 w0.2 c10	-0.0299	-0.0271	-0.0031	12.06%	False
hybrid c1.00 s20 w0.3 c5	0.0000	0.5777	0.0298	12.06%	False
hybrid c1.00 s20 w0.3 c10	-0.0299	-0.0271	-0.0031	12.06%	False
hybrid c1.00 s20 w0.4 c5	0.0000	0.5777	0.0298	12.06%	False
hybrid c1.00 s20 w0.4 c10	-0.0299	-0.0271	-0.0031	12.06%	False
hybrid c1.00 s20 w0.5 c5	0.0000	0.5777	0.0298	12.06%	False
hybrid c1.00 s20 w0.5 c10	-0.0299	-0.0271	-0.0031	12.06%	False
hybrid c1.00 s22 w0.1 c5	0.0000	0.5468	0.0284	12.06%	False
hybrid c1.00 s22 w0.1 c10	-0.0554	-0.0503	-0.0044	12.06%	False
hybrid c1.00 s22 w0.2 c5	0.0000	0.5468	0.0284	12.06%	False
hybrid c1.00 s22 w0.2 c10	-0.0554	-0.0503	-0.0044	12.06%	False
hybrid c1.00 s22 w0.3 c5	0.0000	0.5468	0.0284	12.06%	False
hybrid c1.00 s22 w0.3 c10	-0.0554	-0.0503	-0.0044	12.06%	False
hybrid c1.00 s22 w0.4 c5	0.0000	0.5468	0.0284	12.06%	False
hybrid c1.00 s22 w0.4 c10	-0.0554	-0.0503	-0.0044	12.06%	False
hybrid c1.00 s22 w0.5 c5	0.0000	0.5468	0.0284	12.06%	False
hybrid c1.00 s22 w0.5 c10	-0.0554	-0.0503	-0.0044	12.06%	False
hybrid c1.00 s25 w0.1 c5	0.0000	0.5304	0.0279	12.06%	False
hybrid c1.00 s25 w0.1 c10	-0.0591	-0.0536	-0.0047	12.06%	False
hybrid c1.00 s25 w0.2 c5	0.0000	0.5304	0.0279	12.06%	False
hybrid c1.00 s25 w0.2 c10	-0.0591	-0.0536	-0.0047	12.06%	False
hybrid c1.00 s25 w0.3 c5	0.0000	0.5304	0.0279	12.06%	False
hybrid c1.00 s25 w0.3 c10	-0.0591	-0.0536	-0.0047	12.06%	False
hybrid c1.00 s25 w0.4 c5	0.0000	0.5304	0.0279	12.06%	False
hybrid c1.00 s25 w0.4 c10	-0.0591	-0.0536	-0.0047	12.06%	False
hybrid c1.00 s25 w0.5 c5	0.0000	0.5304	0.0279	12.06%	False
hybrid c1.00 s25 w0.5 c10	-0.0591	-0.0536	-0.0047	12.06%	False
hybrid c1.02 s10 w0.1 c5	0.0000	0.4685	0.0195	8.46%	False
hybrid c1.02 s10 w0.1 c10	-0.3567	-0.3240	-0.0148	8.46%	False
hybrid c1.02 s10 w0.2 c5	0.0000	0.4685	0.0195	8.46%	False
hybrid c1.02 s10 w0.2 c10	-0.3567	-0.3240	-0.0148	8.46%	False
hybrid c1.02 s10 w0.3 c5	0.0000	0.4685	0.0195	8.46%	False
hybrid c1.02 s10 w0.3 c10	-0.3567	-0.3240	-0.0148	8.46%	False
hybrid c1.02 s10 w0.4 c5	0.0000	0.4685	0.0195	8.46%	False
hybrid c1.02 s10 w0.4 c10	-0.3567	-0.3240	-0.0148	8.46%	False
hybrid c1.02 s10 w0.5 c5	0.0000	0.4685	0.0195	8.46%	False
hybrid c1.02 s10 w0.5 c10	-0.3567	-0.3240	-0.0148	8.46%	False
hybrid c1.02 s12 w0.1 c5	0.0000	0.4895	0.0207	8.46%	False
hybrid c1.02 s12 w0.1 c10	-0.3233	-0.2936	-0.0137	8.46%	False
hybrid c1.02 s12 w0.2 c5	0.0000	0.4895	0.0207	8.46%	False
hybrid c1.02 s12 w0.2 c10	-0.3233	-0.2936	-0.0137	8.46%	False
hybrid c1.02 s12 w0.3 c5	0.0000	0.4895	0.0207	8.46%	False
hybrid c1.02 s12 w0.3 c10	-0.3233	-0.2936	-0.0137	8.46%	False
hybrid c1.02 s12 w0.4 c5	0.0000	0.4895	0.0207	8.46%	False
hybrid c1.02 s12 w0.4 c10	-0.3233	-0.2936	-0.0137	8.46%	False
hybrid c1.02 s12 w0.5 c5	0.0000	0.4895	0.0207	8.46%	False
hybrid c1.02 s12 w0.5 c10	-0.3233	-0.2936	-0.0137	8.46%	False
hybrid c1.02 s14 w0.1 c5	0.0000	0.5272	0.0226	8.46%	False
hybrid c1.02 s14 w0.1 c10	-0.2740	-0.2488	-0.0119	8.46%	False
hybrid c1.02 s14 w0.2 c5	0.0000	0.5272	0.0226	8.46%	False
hybrid c1.02 s14 w0.2 c10	-0.2740	-0.2488	-0.0119	8.46%	False
hybrid c1.02 s14 w0.3 c5	0.0000	0.5272	0.0226	8.46%	False
hybrid c1.02 s14 w0.3 c10	-0.2740	-0.2488	-0.0119	8.46%	False
hybrid c1.02 s14 w0.4 c5	0.0000	0.5272	0.0226	8.46%	False
hybrid c1.02 s14 w0.4 c10	-0.2740	-0.2488	-0.0119	8.46%	False
hybrid c1.02 s14 w0.5 c5	0.0000	0.5272	0.0226	8.46%	False
hybrid c1.02 s14 w0.5 c10	-0.2740	-0.2488	-0.0119	8.46%	False
hybrid c1.02 s16 w0.1 c5	0.0000	0.5312	0.0228	8.46%	False
hybrid c1.02 s16 w0.1 c10	-0.2647	-0.2404	-0.0116	8.46%	False
hybrid c1.02 s16 w0.2 c5	0.0000	0.5312	0.0228	8.46%	False
hybrid c1.02 s16 w0.2 c10	-0.2647	-0.2404	-0.0116	8.46%	False
hybrid c1.02 s16 w0.3 c5	0.0000	0.5312	0.0228	8.46%	False
hybrid c1.02 s16 w0.3 c10	-0.2647	-0.2404	-0.0116	8.46%	False
hybrid c1.02 s16 w0.4 c5	0.0000	0.5312	0.0228	8.46%	False
hybrid c1.02 s16 w0.4 c10	-0.2647	-0.2404	-0.0116	8.46%	False
hybrid c1.02 s16 w0.5 c5	0.0000	0.5312	0.0228	8.46%	False
hybrid c1.02 s16 w0.5 c10	-0.2647	-0.2404	-0.0116	8.46%	False
hybrid c1.02 s18 w0.1 c5	0.0000	0.5155	0.0222	8.46%	False
hybrid c1.02 s18 w0.1 c10	-0.2741	-0.2489	-0.0120	8.46%	False
hybrid c1.02 s18 w0.2 c5	0.0000	0.5155	0.0222	8.46%	False
hybrid c1.02 s18 w0.2 c10	-0.2741	-0.2489	-0.0120	8.46%	False
hybrid c1.02 s18 w0.3 c5	0.0000	0.5155	0.0222	8.46%	False
hybrid c1.02 s18 w0.3 c10	-0.2741	-0.2489	-0.0120	8.46%	False
hybrid c1.02 s18 w0.4 c5	0.0000	0.5155	0.0222	8.46%	False
hybrid c1.02 s18 w0.4 c10	-0.2741	-0.2489	-0.0120	8.46%	False
hybrid c1.02 s18 w0.5 c5	0.0000	0.5155	0.0222	8.46%	False
hybrid c1.02 s18 w0.5 c10	-0.2741	-0.2489	-0.0120	8.46%	False
hybrid c1.02 s20 w0.1 c5	0.0000	0.4795	0.0208	8.46%	False
hybrid c1.02 s20 w0.1 c10	-0.3038	-0.2759	-0.0133	8.46%	False
hybrid c1.02 s20 w0.2 c5	0.0000	0.4795	0.0208	8.46%	False
hybrid c1.02 s20 w0.2 c10	-0.3038	-0.2759	-0.0133	8.46%	False
hybrid c1.02 s20 w0.3 c5	0.0000	0.4795	0.0208	8.46%	False
hybrid c1.02 s20 w0.3 c10	-0.3038	-0.2759	-0.0133	8.46%	False
hybrid c1.02 s20 w0.4 c5	0.0000	0.4795	0.0208	8.46%	False
hybrid c1.02 s20 w0.4 c10	-0.3038	-0.2759	-0.0133	8.46%	False
hybrid c1.02 s20 w0.5 c5	0.0000	0.4795	0.0208	8.46%	False
hybrid c1.02 s20 w0.5 c10	-0.3038	-0.2759	-0.0133	8.46%	False
hybrid c1.02 s22 w0.1 c5	0.0000	0.4511	0.0196	8.46%	False
hybrid c1.02 s22 w0.1 c10	-0.3245	-0.2947	-0.0143	8.46%	False
hybrid c1.02 s22 w0.2 c5	0.0000	0.4511	0.0196	8.46%	False
hybrid c1.02 s22 w0.2 c10	-0.3245	-0.2947	-0.0143	8.46%	False
hybrid c1.02 s22 w0.3 c5	0.0000	0.4511	0.0196	8.46%	False
hybrid c1.02 s22 w0.3 c10	-0.3245	-0.2947	-0.0143	8.46%	False
hybrid c1.02 s22 w0.4 c5	0.0000	0.4511	0.0196	8.46%	False
hybrid c1.02 s22 w0.4 c10	-0.3245	-0.2947	-0.0143	8.46%	False
hybrid c1.02 s22 w0.5 c5	0.0000	0.4511	0.0196	8.46%	False
hybrid c1.02 s22 w0.5 c10	-0.3245	-0.2947	-0.0143	8.46%	False
hybrid c1.02 s25 w0.1 c5	0.0000	0.4334	0.0191	8.46%	False
hybrid c1.02 s25 w0.1 c10	-0.3271	-0.2971	-0.0147	8.46%	False
hybrid c1.02 s25 w0.2 c5	0.0000	0.4334	0.0191	8.46%	False
hybrid c1.02 s25 w0.2 c10	-0.3271	-0.2971	-0.0147	8.46%	False
hybrid c1.02 s25 w0.3 c5	0.0000	0.4334	0.0191	8.46%	False
hybrid c1.02 s25 w0.3 c10	-0.3271	-0.2971	-0.0147	8.46%	False
hybrid c1.02 s25 w0.4 c5	0.0000	0.4334	0.0191	8.46%	False
hybrid c1.02 s25 w0.4 c10	-0.3271	-0.2971	-0.0147	8.46%	False
hybrid c1.02 s25 w0.5 c5	0.0000	0.4334	0.0191	8.46%	False
hybrid c1.02 s25 w0.5 c10	-0.3271	-0.2971	-0.0147	8.46%	False
canonical_vol sign1 s10 c5	0.0000	1.4270	0.0716	19.96%	False
canonical_vol sign1 s10 c10	0.0000	1.0492	0.0508	19.96%	False
canonical_vol sign1 s15 c5	0.0000	1.3477	0.0698	19.96%	False
canonical_vol sign1 s15 c10	0.0000	1.0380	0.0521	19.96%	False
canonical_vol sign1 s20 c5	0.0000	1.3083	0.0696	19.96%	False
canonical_vol sign1 s20 c10	0.0000	1.0350	0.0535	19.96%	False
canonical_vol sign1 s25 c5	0.0000	1.4950	0.0835	19.96%	False
canonical_vol sign1 s25 c10	0.0000	1.2472	0.0679	19.96%	False
canonical_vol sign1 s30 c5	0.0000	1.5239	0.0858	19.96%	False
canonical_vol sign1 s30 c10	0.0000	1.2902	0.0709	19.96%	False
canonical_vol sign-1 s10 c5	-2.1823	-2.1823	-0.0889	19.96%	False
canonical_vol sign-1 s10 c10	-2.5595	-2.5595	-0.1015	19.96%	False
canonical_vol sign-1 s15 c5	-1.9663	-1.9663	-0.0841	19.96%	False
canonical_vol sign-1 s15 c10	-2.2749	-2.2749	-0.0951	19.96%	False
canonical_vol sign-1 s20 c5	-1.8540	-1.8540	-0.0821	19.96%	False
canonical_vol sign-1 s20 c10	-2.1261	-2.1261	-0.0922	19.96%	False
canonical_vol sign-1 s25 c5	-1.9898	-1.9898	-0.0893	19.96%	False
canonical_vol sign-1 s25 c10	-2.2366	-2.2366	-0.0984	19.96%	False
canonical_vol sign-1 s30 c5	-1.9902	-1.9902	-0.0897	19.96%	False
canonical_vol sign-1 s30 c10	-2.2226	-2.2226	-0.0983	19.96%	False
mom_minus_vol sign1 s10 c5	-2.1808	-2.1808	-0.0805	19.96%	False
mom_minus_vol sign1 s10 c10	-2.7881	-2.7881	-0.0990	19.96%	False
mom_minus_vol sign1 s15 c5	-1.4020	-1.4020	-0.0578	19.96%	False
mom_minus_vol sign1 s15 c10	-1.8675	-1.8675	-0.0744	19.96%	False
mom_minus_vol sign1 s20 c5	-1.4509	-1.4509	-0.0622	19.96%	False
mom_minus_vol sign1 s20 c10	-1.8346	-1.8346	-0.0763	19.96%	False
mom_minus_vol sign1 s25 c5	-1.7776	-1.7776	-0.0767	19.96%	False
mom_minus_vol sign1 s25 c10	-2.1123	-2.1123	-0.0889	19.96%	False
mom_minus_vol sign1 s30 c5	-1.7996	-1.7996	-0.0789	19.96%	False
mom_minus_vol sign1 s30 c10	-2.1080	-2.1080	-0.0903	19.96%	False
mom_minus_vol sign-1 s10 c5	0.0000	0.9599	0.0409	19.96%	False
mom_minus_vol sign-1 s10 c10	0.0000	0.3478	0.0134	19.96%	False
mom_minus_vol sign-1 s15 c5	0.0000	0.4671	0.0197	19.96%	False
mom_minus_vol sign-1 s15 c10	-0.0017	-0.0017	-0.0015	19.96%	False
mom_minus_vol sign-1 s20 c5	0.0000	0.6806	0.0312	19.96%	False
mom_minus_vol sign-1 s20 c10	0.0000	0.2943	0.0122	19.96%	False
mom_minus_vol sign-1 s25 c5	0.0000	1.1063	0.0555	19.96%	False
mom_minus_vol sign-1 s25 c10	0.0000	0.7699	0.0371	19.96%	False
mom_minus_vol sign-1 s30 c5	0.0000	1.1804	0.0609	19.96%	False
mom_minus_vol sign-1 s30 c10	0.0000	0.8698	0.0433	19.96%	False
mom_resid_vol sign1 s10 c5	0.0000	0.7354	0.0278	19.96%	False
mom_resid_vol sign1 s10 c10	-0.1029	-0.1029	-0.0049	19.96%	False
mom_resid_vol sign1 s15 c5	0.0000	1.4467	0.0593	19.96%	False
mom_resid_vol sign1 s15 c10	0.0000	0.7633	0.0295	19.96%	False
mom_resid_vol sign1 s20 c5	0.0000	1.2901	0.0522	19.96%	False
mom_resid_vol sign1 s20 c10	0.0000	0.6878	0.0263	19.96%	False
mom_resid_vol sign1 s25 c5	0.0000	0.8958	0.0369	19.96%	False
mom_resid_vol sign1 s25 c10	0.0000	0.3759	0.0143	19.96%	False
mom_resid_vol sign1 s30 c5	0.0000	0.9440	0.0404	19.96%	False
mom_resid_vol sign1 s30 c10	0.0000	0.4734	0.0190	19.96%	False
mom_resid_vol sign-1 s10 c5	-2.4141	-2.4141	-0.0807	19.96%	False
mom_resid_vol sign-1 s10 c10	-3.2512	-3.2512	-0.1036	19.96%	False
mom_resid_vol sign-1 s15 c5	-2.8155	-2.8155	-0.0932	19.96%	False
mom_resid_vol sign-1 s15 c10	-3.4992	-3.4992	-0.1115	19.96%	False
mom_resid_vol sign-1 s20 c5	-2.4969	-2.4969	-0.0842	19.96%	False
mom_resid_vol sign-1 s20 c10	-3.1003	-3.1003	-0.1009	19.96%	False
mom_resid_vol sign-1 s25 c5	-1.9365	-1.9365	-0.0708	19.96%	False
mom_resid_vol sign-1 s25 c10	-2.4565	-2.4565	-0.0869	19.96%	False
mom_resid_vol sign-1 s30 c5	-1.8872	-1.8872	-0.0712	19.96%	False
mom_resid_vol sign-1 s30 c10	-2.3593	-2.3593	-0.0862	19.96%	False
radial_distance sign1 s10 c5	0.0000	0.3317	0.0091	19.96%	False
radial_distance sign1 s10 c10	-0.2042	-0.2042	-0.0065	19.96%	False
radial_distance sign1 s15 c5	0.0000	0.5194	0.0151	19.96%	False
radial_distance sign1 s15 c10	0.0000	0.0646	0.0013	19.96%	False
radial_distance sign1 s20 c5	0.0000	0.3900	0.0111	19.96%	False
radial_distance sign1 s20 c10	-0.0271	-0.0271	-0.0015	19.96%	False
radial_distance sign1 s25 c5	0.0000	0.2422	0.0067	19.96%	False
radial_distance sign1 s25 c10	-0.1439	-0.1439	-0.0050	19.96%	False
radial_distance sign1 s30 c5	0.0000	0.1299	0.0033	19.96%	False
radial_distance sign1 s30 c10	-0.2356	-0.2356	-0.0078	19.96%	False
radial_distance sign-1 s10 c5	-1.3999	-1.3999	-0.0389	19.96%	False
radial_distance sign-1 s10 c10	-1.9312	-1.9312	-0.0523	19.96%	False
radial_distance sign-1 s15 c5	-1.4256	-1.4256	-0.0404	19.96%	False
radial_distance sign-1 s15 c10	-1.8762	-1.8762	-0.0520	19.96%	False
radial_distance sign-1 s20 c5	-1.2214	-1.2214	-0.0352	19.96%	False
radial_distance sign-1 s20 c10	-1.6348	-1.6348	-0.0461	19.96%	False
radial_distance sign-1 s25 c5	-1.0108	-1.0108	-0.0300	19.96%	False
radial_distance sign-1 s25 c10	-1.3925	-1.3925	-0.0405	19.96%	False
radial_distance sign-1 s30 c5	-0.8580	-0.8580	-0.0260	19.96%	False
radial_distance sign-1 s30 c10	-1.2199	-1.2199	-0.0362	19.96%	False
hybrid soft s14 w0.2	-0.0069	-0.0063	-0.0020	12.06%	False
hybrid soft s14 w0.3	-0.0069	-0.0063	-0.0020	12.06%	False
hybrid soft s14 w0.4	-0.0069	-0.0063	-0.0020	12.06%	False
hybrid soft s16 w0.2	0.0000	0.0099	-0.0011	12.06%	False
hybrid soft s16 w0.3	0.0000	0.0099	-0.0011	12.06%	False
hybrid soft s16 w0.4	0.0000	0.0099	-0.0011	12.06%	False
hybrid soft s18 w0.2	0.0000	0.0050	-0.0014	12.06%	False
hybrid soft s18 w0.3	0.0000	0.0050	-0.0014	12.06%	False
hybrid soft s18 w0.4	0.0000	0.0050	-0.0014	12.06%	False
hybrid soft s20 w0.2	-0.0299	-0.0271	-0.0031	12.06%	False
hybrid soft s20 w0.3	-0.0299	-0.0271	-0.0031	12.06%	False
hybrid soft s20 w0.4	-0.0299	-0.0271	-0.0031	12.06%	False
